,city,lat,lng,max_temp,humidity,cloudiness,wind_speed,country,date
0,Srednekolymsk,67.45,153.68,12.61,91,21,5.23,RU,1603313661
1,Montevideo,-34.83,-56.17,60.39,67,36,17.22,UY,1603313817
2,Hilo,19.73,-155.09,79.99,51,1,3.36,US,1603313870
3,Ixtapa,20.7,-105.2,88.9,79,20,11.41,MX,1603313353
4,Pascagoula,30.37,-88.56,86.65,52,75,10.29,US,1603313872
5,New Norfolk,-42.78,147.06,49.21,89,96,2.06,AU,1603313874
6,Vardø,70.37,31.11,30.2,92,75,8.05,NO,1603313807
7,Hobart,-42.88,147.33,51.33,87,75,3.36,AU,1603313596
8,Luanda,-8.84,13.23,76.01,83,84,11.56,AO,1603313877
9,Rikitea,-23.12,-134.97,73.85,69,50,7.63,PF,1603313879
10,Soyo,-6.13,12.37,77.47,84,100,8.1,AO,1603313880
11,Ushuaia,-54.8,-68.3,53.6,50,40,6.93,AR,1603313882
12,Castro,-24.79,-50.01,70.36,72,12,8.59,BR,1603313669
13,Tutóia,-2.76,-42.27,80.51,77,31,14.52,BR,1603313885
14,Upernavik,72.79,-56.15,26.49,95,94,6.71,GL,1603313886
15,Beringovskiy,63.05,179.32,39.88,80,88,9.08,RU,1603313887
16,Almaznyy,48.04,40.05,44.6,70,100,2.24,RU,1603313888
17,Cabo San Lucas,22.89,-109.91,91.85,49,5,3.36,MX,1603313890
18,São Gabriel da Cachoeira,-0.13,-67.09,88.54,62,88,1.14,BR,1603313891
19,Kapaa,22.08,-159.32,78.67,74,20,5.82,US,1603313892
20,Tura,25.52,90.22,70.34,94,7,1.59,IN,1603313893
21,Abalak,58.13,68.59,31.98,98,71,6.89,RU,1603313895
22,Longyearbyen,78.22,15.64,17.6,78,20,6.93,SJ,1603313896
23,Wenzhou,28.0,120.67,68.0,72,100,6.06,CN,1603313897
24,Severo-Kuril'sk,50.68,156.12,41.41,71,84,17.05,RU,1603313591
25,Naze,28.37,129.48,77.0,88,20,5.82,JP,1603313575
26,Busselton,-33.65,115.33,46.08,74,1,11.01,AU,1603313901
27,Lorengau,-2.02,147.27,81.61,78,95,8.55,PG,1603313902
28,Inverell,-29.78,151.12,56.89,94,100,1.99,AU,1603313903
29,Mataura,-46.19,168.86,53.01,70,98,1.99,NZ,1603313905
30,Thompson,55.74,-97.86,30.2,63,90,5.82,CA,1603313906
31,Honningsvåg,70.98,25.97,33.8,80,40,14.99,NO,1603313907
32,Butaritari,3.07,172.79,82.15,73,12,10.25,KI,1603313908
33,Aliwal North,-30.69,26.71,63.34,50,89,4.99,ZA,1603313647
34,Al Bardīyah,31.76,25.09,67.53,65,0,8.14,LY,1603313746
35,Raja,8.46,25.68,72.52,88,78,2.3,SS,1603313915
36,Punta Arenas,-53.15,-70.92,48.11,49,90,6.93,CL,1603313810
37,Caravelas,-17.71,-39.25,75.69,77,100,6.76,BR,1603313918
38,Loudi,27.73,111.99,55.26,73,17,2.53,CN,1603313919
39,Lebu,-37.62,-73.65,51.13,74,0,16.33,CL,1603313920
40,Churapcha,62.0,132.43,12.58,96,90,3.24,RU,1603313922
41,Dikson,73.51,80.55,22.86,95,97,10.67,RU,1603313924
42,Tautira,-17.73,-149.15,84.11,66,75,11.41,PF,1603313926
43,Atuona,-9.8,-139.03,77.74,69,0,16.31,PF,1603313928
44,Vaini,-21.2,-175.2,73.4,78,75,11.41,TO,1603313929
45,Malé,4.17,73.51,80.6,88,75,12.75,MV,1603313768
46,Jaral del Progreso,20.37,-101.07,79.99,28,40,4.7,MX,1603313931
47,Fort Saint James,54.43,-124.25,31.5,89,94,5.03,CA,1603313932
48,Kahului,20.89,-156.47,82.42,54,1,5.82,US,1603313819
49,Mar del Plata,-38.0,-57.56,53.55,58,0,16.11,AR,1603313865
50,Road Town,18.42,-64.62,83.84,70,20,6.93,VG,1603313783
51,Albany,42.6,-73.97,69.28,77,6,6.31,US,1603313937
52,George Town,5.41,100.34,78.4,88,20,5.82,MY,1603313896
53,Avera,33.19,-82.53,80.31,54,1,12.75,US,1603313940
54,Provideniya,64.38,-173.3,39.2,86,90,4.47,RU,1603313941
55,Namatanai,-3.67,152.43,81.64,75,75,7.34,PG,1603313459
56,Cape Town,-33.93,18.42,56.46,82,0,13.87,ZA,1603313943
57,Salalah,17.02,54.09,82.4,88,20,2.24,OM,1603313945
58,Lüderitz,-26.65,15.16,61.61,65,0,20.92,NA,1603313772
59,Sompeta,18.93,84.6,79.68,76,100,8.97,IN,1603313947
60,Tasiilaq,65.61,-37.64,28.4,86,100,2.24,GL,1603313948
61,Alofi,-19.06,-169.92,76.66,85,97,20.74,NU,1603313949
62,Prince Rupert,54.32,-130.32,46.4,75,75,4.7,CA,1603313951
63,Arkhangel’skoye,55.85,35.33,36.48,99,100,3.89,RU,1603313952
64,Sergiyev Posad,56.3,38.13,35.6,98,90,4.47,RU,1603313953
66,Matara,5.95,80.54,78.48,86,9,11.3,LK,1603313956
67,Barrow,71.29,-156.79,33.8,96,90,14.99,US,1603313957
68,Jamestown,42.1,-79.24,57.43,93,90,10.29,US,1603313948
69,Tiksi,71.69,128.87,10.83,94,100,5.73,RU,1603313959
70,Hong Kong,22.29,114.16,70.88,67,97,1.01,HK,1603313819
71,Paamiut,61.99,-49.67,34.68,83,98,28.7,GL,1603313962
72,Burē,10.7,37.07,54.9,87,5,4.03,ET,1603313964
73,Hermanus,-34.42,19.23,50.0,92,0,7.87,ZA,1603313965
74,Mount Isa,-20.73,139.5,71.6,53,7,7.76,AU,1603313966
75,Yellowknife,62.46,-114.35,25.5,73,90,11.41,CA,1603313807
76,Geraldton,-28.77,114.6,53.6,93,40,5.82,AU,1603313969
77,Nanortalik,60.14,-45.24,33.85,87,100,15.97,GL,1603313822
78,Saint-Philippe,-21.36,55.77,69.22,73,34,11.41,RE,1603313971
79,Zimovniki,47.15,42.46,48.06,51,100,3.2,RU,1603313973
80,Mukhen,48.1,136.1,49.26,88,100,4.94,RU,1603313974
81,Port Lincoln,-34.73,135.87,57.6,80,100,19.57,AU,1603313975
82,East London,-33.02,27.91,65.7,80,2,13.73,ZA,1603313976
83,Oeiras do Pará,-2.0,-49.85,88.77,50,68,3.8,BR,1603313977
84,Shirokiy,49.76,129.52,33.33,93,100,14.99,RU,1603313979
85,Solnechnyy,50.72,136.63,40.33,93,100,5.32,RU,1603313980
86,Cherskiy,68.75,161.3,16.25,96,74,7.81,RU,1603313981
87,Chicama,-7.84,-79.15,66.2,77,84,11.41,PE,1603313781
88,Qaanaaq,77.48,-69.36,19.0,81,100,6.31,GL,1603313984
89,Mvuma,-19.28,30.53,65.23,74,2,12.15,ZW,1603313985
90,Guaymas,27.93,-110.9,93.99,49,5,11.41,MX,1603313986
91,Olafsvik,64.89,-23.71,40.3,91,100,28.7,IS,1603313828
92,‘Āhuimanu,21.44,-157.84,80.17,83,75,8.05,US,1603313988
93,Carnarvon,-24.87,113.63,64.4,77,90,13.87,AU,1603313990
94,Juneau,58.3,-134.42,36.25,37,40,16.11,US,1603313787
95,Nome,64.5,-165.41,39.07,93,75,3.36,US,1603313974
96,Husavik,66.04,-17.34,32.0,81,86,2.24,IS,1603313445
97,Touros,-5.2,-35.46,77.0,94,75,11.41,BR,1603313750
98,Black River,18.03,-77.85,84.13,74,40,8.05,JM,1603313997
99,Mehamn,71.04,27.85,30.2,86,75,8.05,NO,1603313998
100,Kavieng,-2.57,150.8,82.65,75,66,10.33,PG,1603314001
101,Bell Ville,-32.63,-62.69,56.5,91,100,5.99,AR,1603314006
102,Alushta,44.67,34.42,55.24,64,22,2.24,UA,1603314008
103,Iqaluit,63.75,-68.51,32.0,94,75,6.24,CA,1603314011
104,Bambous Virieux,-20.34,57.76,74.16,73,75,10.29,MU,1603314013
105,Praia da Vitória,38.73,-27.07,61.5,67,75,19.28,PT,1603314014
106,Jvari,42.72,42.05,54.66,55,78,5.48,GE,1603314016
107,Buraidah,26.33,43.98,69.8,28,0,5.64,SA,1603314017
108,Sawai Madhopur,25.98,76.37,77.47,30,45,1.9,IN,1603314019
109,Okhotsk,59.38,143.3,33.03,93,99,17.72,RU,1603314020
110,Umluj,25.02,37.27,83.82,36,0,9.01,SA,1603314022
111,Amos,48.57,-78.12,37.15,93,90,10.29,CA,1603314023
112,Northam,51.03,-4.22,52.99,98,78,4.0,GB,1603314025
113,Bourail,-21.57,165.48,75.97,68,0,3.51,NC,1603314026
114,Bredasdorp,-34.53,20.04,57.2,87,0,2.24,ZA,1603314029
116,La Ronge,55.1,-105.28,28.4,68,75,9.17,CA,1603314031
117,Cidreira,-30.18,-50.21,66.6,89,100,14.81,BR,1603314033
118,Trelew,-43.25,-65.31,66.54,29,100,28.41,AR,1603313895
119,Sørland,67.67,12.69,37.4,64,75,8.05,NO,1603314035
120,Souillac,-20.52,57.52,75.2,73,75,10.29,MU,1603314037
121,Ciudad Ojeda,10.2,-71.31,86.49,64,0,3.76,VE,1603314038
122,Hithadhoo,-0.6,73.08,82.35,76,19,15.19,MV,1603314039
123,Marsh Harbour,26.54,-77.06,80.49,76,100,18.54,BS,1603314041
124,Guozhen,34.37,107.36,56.23,39,0,3.83,CN,1603314042
125,Tuktoyaktuk,69.45,-133.04,23.0,85,75,11.41,CA,1603314043
126,Tricase,39.93,18.36,54.82,93,5,5.5,IT,1603314045
127,Coquimbo,-29.95,-71.34,57.2,76,20,12.75,CL,1603313808
128,Tuatapere,-46.13,167.68,54.0,67,90,4.0,NZ,1603314047
129,Saskylakh,71.92,114.08,8.26,94,91,5.23,RU,1603314049
130,Leshukonskoye,64.9,45.76,23.58,98,30,4.9,RU,1603314050
131,Oistins,13.07,-59.53,86.0,70,20,12.75,BB,1603313537
132,Lavrentiya,65.58,-171.0,37.04,85,0,4.99,RU,1603314053
133,Flagstaff,35.2,-111.65,68.85,11,1,10.29,US,1603313943
134,Arraial do Cabo,-22.97,-42.03,77.0,78,40,10.29,BR,1603314056
135,Karligan,14.97,122.05,81.12,84,100,12.62,PH,1603314058
136,Kumul,42.8,93.45,48.74,45,0,5.03,CN,1603314060
138,Progreso,21.28,-89.67,89.6,66,75,5.82,MX,1603313857
139,Sparks,39.53,-119.75,71.58,28,40,5.82,US,1603313796
140,Ellisville,38.59,-90.59,55.35,93,90,4.7,US,1603314065
141,Port Alfred,-33.59,26.89,64.24,84,0,12.17,ZA,1603314067
142,Nikolskoye,59.7,30.79,36.77,93,90,8.95,RU,1603314068
143,Bethel,41.37,-73.41,67.14,82,90,8.05,US,1603314065
144,Bardejov,49.29,21.27,45.64,88,100,6.24,SK,1603314071
145,Plettenberg Bay,-34.05,23.37,59.9,77,0,4.03,ZA,1603314073
146,Hobyo,5.35,48.53,79.54,85,31,19.3,SO,1603314075
147,Vestmannaeyjar,63.44,-20.27,41.77,78,97,25.01,IS,1603314077
148,Mahébourg,-20.41,57.7,75.2,73,75,10.29,MU,1603314078
149,Kaeo,-35.1,173.78,62.01,94,100,1.01,NZ,1603314079
150,Port Hardy,50.7,-127.42,50.0,61,20,11.41,CA,1603314080
151,Buarcos,40.17,-8.88,58.32,87,20,4.7,PT,1603314082
152,Virginia Beach,36.85,-75.98,76.53,65,75,8.05,US,1603313568
153,Yerbogachën,61.28,108.01,18.36,97,79,4.85,RU,1603314084
154,Vila Franca do Campo,37.72,-25.43,60.8,72,75,10.29,PT,1603314083
155,Mbaïki,3.87,17.99,69.91,96,87,0.74,CF,1603314089
156,Sulangan,11.14,123.72,83.55,74,89,10.78,PH,1603314090
157,Glenwood Springs,39.55,-107.32,65.32,16,1,14.99,US,1603313798
158,Mandalgovi,45.76,106.27,23.02,88,0,5.01,MN,1603313609
159,Hanzhong,33.07,107.03,52.9,68,0,1.21,CN,1603314094
160,Merzifon,40.87,35.46,50.0,81,18,2.04,TR,1603314095
161,Grand Gaube,-20.01,57.66,73.0,82,69,1.99,MU,1603314096
162,Lompoc,34.64,-120.46,65.75,68,1,9.17,US,1603314098
163,Muros,42.78,-9.06,57.63,88,1,10.0,ES,1603314099
164,Ternate,0.8,127.4,80.42,79,85,3.38,ID,1603314100
165,Salym,60.06,71.48,31.26,99,100,2.53,RU,1603314102
166,Ostrovnoy,68.05,39.51,30.09,97,92,7.94,RU,1603313824
167,Nioro,13.35,-15.75,80.37,79,82,7.16,GM,1603314105
168,Matagami,49.75,-77.63,35.6,93,90,2.24,CA,1603314106
169,Nabire,-3.37,135.48,74.89,89,81,3.62,ID,1603314107
170,Luwuk,-0.95,122.79,76.1,72,85,3.56,ID,1603314109
171,Isangel,-19.55,169.27,80.6,78,20,6.93,VU,1603314110
172,Bad Reichenhall,47.73,12.88,50.05,76,7,11.41,DE,1603314078
173,Aklavik,68.22,-135.01,19.4,85,75,3.36,CA,1603314112
174,Udachny,66.42,112.4,1.4,91,90,3.89,RU,1603314114
175,Gazojak,41.19,61.4,47.35,61,47,6.15,TM,1603314115
176,Mackenzie,55.3,-123.17,26.6,45,90,4.7,CA,1603314116
177,Pacific Grove,36.62,-121.92,68.43,63,1,4.7,US,1603313986
178,Codrington,-38.27,141.97,46.96,87,69,6.91,AU,1603314118
179,Itarema,-2.92,-39.92,80.1,78,69,15.82,BR,1603314120
180,Wewak,-3.55,143.63,77.14,86,100,7.34,PG,1603314121
181,Gimli,50.63,-96.99,34.03,98,79,3.0,CA,1603313949
182,Xining,36.62,101.77,37.76,63,0,2.48,CN,1603314123
183,Airai,-8.93,125.41,59.72,76,5,1.14,TL,1603314124
184,Katobu,-4.94,122.53,73.74,88,75,1.5,ID,1603314126
185,Safi,32.3,-9.24,67.44,84,97,15.66,MA,1603313587
186,Faya,18.39,42.45,64.4,17,0,10.29,SA,1603314128
187,Zaykovo,57.56,62.76,31.46,96,61,5.64,RU,1603314129
188,Yumen,40.28,97.2,35.56,69,0,5.75,CN,1603314131
189,Lubao,14.92,120.55,78.8,94,75,6.93,PH,1603314132
190,Bonavista,48.65,-53.11,45.0,87,58,1.99,CA,1603314114
191,Bilma,18.69,12.92,81.95,14,0,6.08,NE,1603314136
192,Zhizdra,53.75,34.74,41.92,96,100,4.99,RU,1603314137
193,Roebourne,-20.78,117.13,67.71,45,78,8.05,AU,1603314138
194,Malakal,9.53,31.66,74.37,88,99,3.56,SS,1603314139
195,Berdigestyakh,62.1,126.7,10.15,96,76,3.38,RU,1603314140
196,Siliguri,26.7,88.43,72.05,71,0,5.17,IN,1603314142
197,Manokwari,-0.87,134.08,79.72,67,99,3.44,ID,1603314143
198,Horki,54.29,30.98,40.77,96,100,4.45,BY,1603314144
199,Tver',56.86,35.89,36.5,97,100,5.79,RU,1603313921
200,Berlevåg,70.86,29.09,24.6,86,40,12.75,NO,1603314110
201,Władysławowo,54.79,18.4,50.74,87,100,9.17,PL,1603314148
202,Cayenne,4.93,-52.33,86.0,66,15,8.05,GF,1603314131
203,Kaitangata,-46.28,169.85,53.56,61,96,3.02,NZ,1603314121
204,Miles City,46.41,-105.84,32.0,82,90,11.41,US,1603314151
205,Fujin,47.26,132.03,41.41,75,11,10.02,CN,1603314153
206,Saint Paul Harbor,57.79,-152.41,44.6,52,1,10.29,US,1603314119
207,Libreville,0.39,9.45,76.93,90,80,5.93,GA,1603314156
208,Banjar,-8.19,114.97,78.8,88,40,2.24,ID,1603313811
209,Tumut,-35.3,148.22,58.89,73,0,1.9,AU,1603314119
210,Pisco,-13.7,-76.22,69.46,64,1,20.8,PE,1603313690
211,Batticaloa,7.71,81.69,78.55,76,20,7.52,LK,1603314162
212,Darłowo,54.42,16.41,52.0,80,91,19.22,PL,1603314163
213,Kruisfontein,-34.0,24.73,55.0,82,0,3.87,ZA,1603314092
214,Innisfail,-17.53,146.03,73.08,81,41,4.0,AU,1603313968
215,Hirado,33.36,129.55,68.11,80,100,7.0,JP,1603314167
216,Luk Pu,23.17,112.28,61.27,77,42,3.51,CN,1603314168
217,Bluff,-46.6,168.33,54.0,67,100,4.0,NZ,1603314113
218,Buala,-8.14,159.59,82.24,74,97,7.11,SB,1603314137
219,Bengkulu,-3.8,102.27,77.32,84,100,3.76,ID,1603314172
220,Smoky Lake,54.12,-112.47,26.01,68,95,4.0,CA,1603314173
221,Wanning,18.8,110.4,69.87,83,100,13.8,CN,1603314174
222,Konstantinovka,49.62,127.98,32.61,88,96,11.97,RU,1603314176
223,Torbay,47.67,-52.73,49.14,76,75,6.93,CA,1603314120
224,Urengoy,65.97,78.37,19.26,98,76,7.85,RU,1603314178
225,Kangayam,11.0,77.57,73.4,83,40,6.93,IN,1603314179
226,Coolum Beach,-26.53,153.1,65.01,95,91,1.01,AU,1603314180
227,Natal,-5.79,-35.21,77.0,94,75,11.41,BR,1603313919
228,Comodoro Rivadavia,-45.87,-67.5,57.2,76,40,13.87,AR,1603313806
229,Grindavik,63.84,-22.43,41.0,80,75,23.04,IS,1603314104
230,Ileza,61.05,43.9,29.21,99,96,5.64,RU,1603314185
231,Turukhansk,65.82,87.98,22.96,98,97,3.71,RU,1603313574
232,Bathsheba,13.22,-59.52,86.0,70,20,12.75,BB,1603314115
233,Puerto Ayora,-0.74,-90.35,73.92,65,20,17.22,EC,1603314063
234,Dingle,11.0,122.67,76.32,91,100,6.98,PH,1603314190
235,Paso de los Toros,-32.82,-56.52,62.6,77,90,13.87,UY,1603314067
236,Mossamedes,-15.2,12.15,70.12,81,100,2.91,AO,1603314168
237,Clyde River,70.47,-68.59,15.8,85,1,2.82,CA,1603314081
238,Ormara,25.21,64.64,79.54,35,1,6.87,PK,1603314196
239,Kasongo-Lunda,-6.47,16.82,71.65,91,99,1.07,CD,1603314128
240,Avarua,-21.21,-159.78,75.2,88,45,6.93,CK,1603313913
241,Hasaki,35.73,140.83,57.13,87,75,5.82,JP,1603313668
242,Khatanga,71.97,102.5,3.97,92,0,7.83,RU,1603314066
243,Isoka,-10.16,32.63,69.35,55,81,4.18,ZM,1603314202
244,Makakilo City,21.35,-158.09,81.48,74,75,6.93,US,1603314113
245,Cravo Norte,6.3,-70.2,79.38,85,100,3.96,CO,1603314205
246,Mezen',65.85,44.24,25.79,97,5,1.97,RU,1603313749
247,Necochea,-38.55,-58.74,57.0,55,0,17.0,AR,1603314207
248,Chokurdakh,70.63,147.92,9.77,94,99,4.34,RU,1603314118
249,Linguère,15.4,-15.12,88.54,15,9,5.3,SN,1603314210
250,Diffa,13.32,12.61,86.29,13,28,8.41,NE,1603314211
251,Te Anau,-45.42,167.72,49.24,67,60,2.55,NZ,1603314208
252,Colón,9.36,-79.9,83.3,79,40,6.93,PA,1603314032
253,Haines Junction,60.75,-137.51,25.93,79,4,3.2,CA,1603314216
255,Barranca de Upía,4.57,-72.97,85.19,80,18,1.45,CO,1603314218
256,Broken Hill,-31.95,141.43,57.2,41,18,6.93,AU,1603314171
257,Yantzaza,-3.83,-78.76,76.53,64,69,1.57,EC,1603314222
258,Gigmoto,13.78,124.39,81.14,82,99,10.25,PH,1603314125
259,Karasjok,69.47,25.51,24.8,85,40,21.92,NO,1603314224
260,Merauke,-8.47,140.33,76.69,87,59,10.85,ID,1603314225
261,Semnan,35.57,53.4,57.69,57,0,6.6,IR,1603314227
262,Barranca,-10.75,-77.77,67.12,73,10,10.36,PE,1603314228
263,Hay River,60.82,-115.8,24.8,79,90,18.34,CA,1603314187
264,Mirny,62.54,113.96,12.2,92,40,6.71,RU,1603314230
265,Port Antonio,18.18,-76.46,80.29,88,75,23.04,JM,1603314231
266,Sosnowiec,50.29,19.1,50.32,99,62,7.09,PL,1603314233
267,Omboué,-1.57,9.26,77.14,87,100,6.71,GA,1603314234
268,Krasnosel'kup,65.7,82.47,17.64,97,62,8.97,RU,1603314092
269,Czersk,53.8,17.98,50.04,88,100,15.01,PL,1603314236
270,Presidencia Roque Sáenz Peña,-26.79,-60.44,94.51,32,53,8.23,AR,1603314123
271,Uvat,59.14,68.9,29.61,99,90,4.76,RU,1603314240
272,Aleksandrovskiy Zavod,50.92,117.94,19.99,84,0,3.11,RU,1603314241
273,Gold Coast,-28.0,153.43,68.11,82,90,3.09,AU,1603314242
274,Port Elizabeth,-33.92,25.57,62.6,93,0,5.82,ZA,1603314110
275,Ilulissat,69.22,-51.1,28.4,68,75,5.82,GL,1603314111
276,Marrakesh,31.63,-8.01,66.2,72,75,5.82,MA,1603314111
277,Carupano,10.67,-63.26,84.76,72,2,11.74,VE,1603314247
278,Visnes,59.36,5.22,50.7,93,100,10.29,NO,1603314249
279,Bela,25.93,81.98,73.83,58,0,2.53,IN,1603314252
280,Saldanha,-33.01,17.94,53.6,81,0,10.29,ZA,1603313707
281,Kavaratti,10.57,72.64,80.82,78,100,15.1,IN,1603313645
282,Forbes,-33.38,148.02,60.01,92,1,4.47,AU,1603314257
283,Dunedin,-45.87,170.5,54.0,67,100,7.0,NZ,1603314216
284,Biak,-0.91,122.88,75.92,74,87,4.29,ID,1603313577
285,Saint-Leu,-21.15,55.28,68.32,73,10,11.41,RE,1603314263
288,Cururupu,-1.83,-44.87,79.29,75,74,4.83,BR,1603314267
289,Arman',59.7,150.17,28.69,83,1,6.51,RU,1603314268
290,Tanabe,33.73,135.37,61.0,83,71,9.8,JP,1603314270
291,Pestovo,58.59,35.8,32.27,98,68,4.03,RU,1603314273
292,Vila Velha,-20.33,-40.29,77.02,83,75,5.82,BR,1603314274
293,Lagoa,39.05,-27.98,63.14,70,16,19.22,PT,1603314275
294,Ponta do Sol,32.67,-17.1,61.39,55,40,6.93,PT,1603314141
295,Batagay-Alyta,67.8,130.41,10.27,93,100,0.76,RU,1603314277
296,Batemans Bay,-35.72,150.18,57.78,95,15,2.91,AU,1603314279
297,Pevek,69.7,170.31,29.57,99,97,1.05,RU,1603314117
298,Ratnagiri,16.98,73.3,77.68,87,48,3.87,IN,1603314281
299,Nicoya,10.15,-85.45,80.6,83,75,8.05,CR,1603314023
300,Nemuro,43.32,145.57,55.13,69,100,20.92,JP,1603314161
301,Pio IX,-6.84,-40.58,85.35,22,31,5.03,BR,1603314285
302,Shubarkuduk,49.14,56.49,36.86,79,33,12.77,KZ,1603314286
303,Mogzon,51.74,111.96,21.25,97,70,5.46,RU,1603314287
304,Yeppoon,-23.13,150.73,72.82,78,56,8.43,AU,1603314231
305,Barabinsk,55.36,78.36,42.67,62,94,9.93,RU,1603314290
306,Province of Palermo,37.82,13.58,63.68,76,7,3.65,IT,1603314292
307,Margate,51.38,1.39,57.0,90,63,1.99,GB,1603314099
308,São Félix do Xingu,-6.64,-51.99,87.66,48,75,2.71,BR,1603313575
309,Raudeberg,61.99,5.14,44.01,88,99,18.32,NO,1603314297
310,Yar-Sale,66.83,70.83,19.6,97,98,13.04,RU,1603314155
311,Lupiro,-8.38,36.67,78.04,52,99,6.98,TZ,1603314299
312,Bitung,1.45,125.18,71.6,94,20,1.12,ID,1603314301
313,Ribeira Grande,38.52,-28.7,64.4,55,75,4.7,PT,1603314101
314,San Cristobal,7.77,-72.22,91.4,49,40,12.75,VE,1603314021
315,Fortuna,40.6,-124.16,62.8,67,1,16.11,US,1603314169
316,Rocha,-34.48,-54.33,58.39,69,64,12.06,UY,1603314073
317,Yenagoa,4.92,6.26,76.57,94,4,4.27,NG,1603313805
318,Snezhnogorsk,69.19,33.25,14.0,92,40,2.24,RU,1603314309
319,Half Moon Bay,37.46,-122.43,72.88,77,1,9.17,US,1603314157
320,Sarangani,5.4,125.46,83.37,74,100,7.31,PH,1603314311
321,Luba,3.46,8.55,78.51,82,56,3.74,GQ,1603314137
322,Ambanja,-13.68,48.45,75.88,84,87,0.83,MG,1603314314
323,Bandarbeyla,9.49,50.81,80.11,65,8,1.99,SO,1603314315
324,Camp Verde,34.56,-111.85,84.88,13,91,11.18,US,1603314316
325,Zhoucheng,35.91,116.31,48.94,45,0,3.24,CN,1603314318
326,Ugoofaaru,5.67,73.0,81.79,79,89,12.24,MV,1603314319
327,Santa Catarina de Tepehuanes,25.35,-105.73,78.82,26,8,5.01,MX,1603314320
328,Narsaq,60.92,-46.05,32.0,93,100,2.24,GL,1603314220
329,Henties Bay,-22.12,14.28,61.0,87,91,1.99,NA,1603314152
330,Panabá,21.28,-88.27,83.84,80,61,9.69,MX,1603314324
331,Shimanovsk,52.0,127.7,27.73,94,100,12.73,RU,1603314325
332,Port Augusta,-32.5,137.77,62.73,87,68,8.05,AU,1603314224
333,Norsup,-16.07,167.38,77.0,94,75,9.69,VU,1603314327
334,Tynda,55.17,124.72,9.72,92,0,6.2,RU,1603314329
335,São Filipe,14.9,-24.5,82.85,65,93,6.35,CV,1603314330
337,Iquique,-20.22,-70.14,66.2,72,75,17.22,CL,1603314332
338,Kudahuvadhoo,2.67,72.89,82.15,77,28,11.61,MV,1603314333
339,Pandan,14.05,124.17,80.46,83,100,10.51,PH,1603314335
340,Balabac,7.99,117.06,82.08,79,99,14.7,PH,1603314336
341,Hatta,24.12,79.6,71.6,35,16,1.16,IN,1603314337
342,Sinop Province,41.77,34.87,52.27,78,7,8.12,TR,1603314338
343,Blagoyevo,63.37,47.92,29.23,96,96,7.52,RU,1603314340
344,Kodinsk,58.69,99.18,35.31,92,97,5.68,RU,1603313815
345,Uyuni,-20.46,-66.83,60.75,34,71,6.98,BO,1603314342
346,Saint Anthony,45.02,-93.22,35.62,64,90,5.82,US,1603314109
347,Ayan,56.45,138.17,41.31,89,100,16.42,RU,1603314177
348,Santiago de Cao,-7.96,-79.24,66.2,77,83,11.41,PE,1603314109
349,North Bend,43.41,-124.22,60.08,59,1,19.46,US,1603314005
350,Hastings,50.86,0.57,56.5,87,29,8.99,GB,1603314170
351,Faanui,-16.48,-151.75,78.76,79,16,13.8,PF,1603314187
352,The Valley,18.22,-63.06,85.41,74,40,8.05,AI,1603314125
353,Neunkirchen,49.35,7.18,63.07,63,28,11.41,DE,1603314352
354,Evensk,61.95,159.23,30.94,88,0,4.7,RU,1603314353
355,Aquiraz,-3.9,-38.39,82.4,74,20,11.41,BR,1603314354
356,Tessalit,20.2,1.01,84.6,14,0,6.26,ML,1603314317
357,Asău,46.43,26.4,50.0,76,95,2.24,RO,1603314357
358,Chul'man,56.85,124.91,2.62,93,70,3.47,RU,1603314358
359,Lixouri,38.2,20.43,66.74,65,0,10.29,GR,1603314359
360,Colac,-38.33,143.58,47.32,98,37,1.83,AU,1603314360
361,Forsytheganj,52.63,29.73,44.08,89,100,4.9,BY,1603313806
362,Olovyannaya,50.95,115.57,23.88,91,25,6.44,RU,1603314363
363,Norman Wells,65.28,-126.83,23.0,85,90,17.22,CA,1603314105
364,Pimenta Bueno,-11.67,-61.19,85.98,55,68,3.83,BR,1603314111
365,Vagay,57.94,69.02,31.91,99,59,6.04,RU,1603314366
366,Boyolangu,-8.12,111.89,75.78,89,95,1.61,ID,1603314368
367,Djibouti,11.5,42.5,86.0,37,1,6.46,DJ,1603314129
368,Yining,29.04,114.56,53.02,81,87,0.54,CN,1603314370
369,Ovalle,-30.6,-71.2,75.85,30,0,6.98,CL,1603314371
370,Eldorado,-23.79,-54.28,87.66,45,3,3.27,BR,1603314372
371,Vredendal,-31.67,18.5,69.85,27,0,10.29,ZA,1603314374
372,Cap Malheureux,-19.98,57.61,73.0,82,70,1.99,MU,1603314375
373,Laas,46.62,10.7,45.82,80,5,5.82,IT,1603314376
374,Marawi,8.0,124.29,78.01,79,100,1.01,PH,1603314378
375,Talcahuano,-36.72,-73.12,62.6,63,0,12.75,CL,1603314379
376,Kalmunai,7.42,81.82,79.09,77,2,4.79,LK,1603314380
377,Lianyuan,27.69,111.66,56.08,71,20,2.71,CN,1603314381
378,Chui,-33.7,-53.46,59.52,72,59,13.91,UY,1603314143
379,Saint George,37.1,-113.58,76.91,12,1,6.62,US,1603313890
380,Cockburn Town,21.46,-71.14,82.4,74,40,11.41,TC,1603314385
381,Port Blair,11.67,92.75,80.76,82,73,10.96,IN,1603314070
382,Urmia,37.55,45.08,50.0,71,0,11.41,IR,1603314387
383,Willmar,45.12,-95.04,34.11,69,1,4.7,US,1603314389
384,Manavālakurichi,8.13,77.3,80.6,88,20,1.12,IN,1603314236
385,Bafoulabé,13.81,-10.83,83.79,24,58,1.03,ML,1603314392
386,Katsuura,35.13,140.3,60.21,72,75,16.11,JP,1603314394
387,Suba,10.84,121.01,83.62,78,8,18.61,PH,1603314395
388,Aktau,43.65,51.2,42.8,81,40,4.47,KZ,1603314396
389,La Antigua,6.72,-76.08,67.12,92,100,3.62,CO,1603314397
390,Donskoye,45.46,41.97,39.2,80,100,6.71,RU,1603314401
391,Itacoatiara,-3.14,-58.44,92.32,45,93,4.65,BR,1603314402
392,San Juan de los Lagos,21.25,-102.3,80.6,19,20,2.24,MX,1603314330
393,Debre Tabor,11.85,38.02,52.63,86,66,1.97,ET,1603314407
394,Leningradskiy,69.38,178.42,35.11,84,100,8.5,RU,1603314147
395,Michigan City,41.71,-86.89,53.28,66,1,6.93,US,1603314409
396,Hervey Bay,-25.3,152.85,70.66,88,100,4.7,AU,1603314220
397,Rujewa,-8.7,34.38,70.95,60,100,5.39,TZ,1603314412
398,Cairns,-16.92,145.77,71.29,88,46,3.67,AU,1603314356
399,Inuvik,68.35,-133.72,17.6,78,40,2.24,CA,1603314414
400,Mosquera,4.71,-74.23,68.0,49,40,9.17,CO,1603314315
401,Narasannapeta,18.42,84.05,77.29,84,100,6.29,IN,1603314417
402,Aracaju,-10.91,-37.07,82.4,69,20,11.41,BR,1603314152
403,Carutapera,-1.2,-46.02,80.29,74,11,9.06,BR,1603314104
404,Brainerd,46.36,-94.2,33.31,69,75,9.17,US,1603314420
405,Lerwick,60.15,-1.15,48.2,76,100,27.51,GB,1603314422
406,Ilhabela,-23.78,-45.36,73.13,85,17,5.21,BR,1603314423
407,Jinji,23.23,110.83,59.61,76,34,2.55,CN,1603314424
408,Davila,18.47,120.58,82.15,78,100,6.85,PH,1603314142
409,Wanlaweyn,2.62,44.89,79.16,79,45,12.28,SO,1603314427
410,Fort Nelson,58.81,-122.7,23.0,62,90,10.29,CA,1603314419
411,Bambanglipuro,-7.95,110.28,76.57,85,92,3.51,ID,1603314430
412,Barber,12.28,-69.07,87.8,70,20,14.99,CW,1603314431
413,Prudentópolis,-25.21,-50.98,76.14,52,41,2.48,BR,1603314433
414,Mach,29.86,67.33,64.54,21,0,10.96,PK,1603314434
415,Den Helder,52.96,4.76,57.36,87,75,17.22,NL,1603314435
416,Eureka,40.8,-124.16,61.38,76,1,6.93,US,1603314436
417,Kununurra,-15.77,128.73,78.8,88,80,3.36,AU,1603314168
418,Krasnomayskiy,57.62,34.41,36.19,96,100,6.22,RU,1603314439
419,Kysyl-Syr,63.9,122.76,16.86,97,84,4.05,RU,1603314440
420,Saint-Pierre,-21.34,55.48,67.78,73,15,11.41,RE,1603314441
421,Hienghène,-20.68,164.93,75.85,77,36,6.71,NC,1603314442
422,Botwood,49.15,-55.35,42.01,83,91,1.01,CA,1603314444
423,Kontagora,10.4,5.47,78.06,54,1,1.01,NG,1603314445
424,Bara,10.37,10.73,80.15,46,0,7.07,NG,1603314446
425,Vao,-22.67,167.48,73.17,85,0,13.67,NC,1603314406
426,Madimba,-10.4,40.33,75.2,88,20,6.93,TZ,1603314449
427,Emba,48.83,58.14,37.81,74,7,12.84,KZ,1603314450
428,Melilla,35.29,-2.94,68.49,77,100,3.36,ES,1603314451
429,Surgut,61.25,73.42,32.0,99,75,4.47,RU,1603314015
430,Łask,51.59,19.13,52.61,79,99,3.0,PL,1603314454
431,Richards Bay,-28.78,32.04,65.01,78,93,4.68,ZA,1603314170
432,Maniitsoq,65.42,-52.9,31.32,96,90,9.13,GL,1603314456
433,Şoimuş,45.92,22.9,46.42,56,96,0.58,RO,1603314457
434,Manadhoo,5.77,73.38,81.57,79,73,12.17,MV,1603314459
435,Filingué,14.35,3.32,92.55,13,0,4.83,NE,1603314202
436,Coahuayana Viejo,18.73,-103.68,86.0,66,40,8.05,MX,1603314161
437,Wellsford,-36.28,174.52,66.04,71,33,3.13,NZ,1603314462
438,Zandvoort,52.37,4.53,58.32,87,75,33.33,NL,1603314463
439,Portland,45.52,-122.68,56.19,62,75,13.87,US,1603314005
440,Flin Flon,54.77,-101.86,26.6,79,75,10.29,CA,1603314466
441,Sibolga,1.74,98.78,75.78,85,100,5.59,ID,1603314467
442,Arlit,18.74,7.39,90.12,11,13,10.11,NE,1603314468
443,Port Macquarie,-31.43,152.92,64.0,76,40,4.0,AU,1603314470
444,Port-Cartier,50.03,-66.87,33.6,86,90,13.87,CA,1603314471
445,Duluth,46.78,-92.11,34.77,69,90,10.29,US,1603314344
446,Ponta Delgada,37.73,-25.67,60.8,72,75,10.29,PT,1603314473
447,Darhan,49.49,105.92,28.98,84,0,7.09,MN,1603314105
448,Talnakh,69.49,88.4,12.2,85,40,13.42,RU,1603314095
449,Amapá,1.0,-52.0,88.11,41,94,2.64,BR,1603314478
450,Charters Towers,-20.1,146.27,70.41,82,11,9.66,AU,1603314479
451,Waddān,29.16,16.14,65.08,50,0,13.71,LY,1603314480
452,Shelburne,44.08,-80.2,53.53,76,90,9.17,CA,1603314482
453,Peniche,39.36,-9.38,59.32,89,66,4.0,PT,1603314429
454,Bunia,1.57,30.25,62.65,93,32,2.08,CD,1603314484
455,Turbat,26.0,63.04,71.42,16,0,11.16,PK,1603314270
456,Lubango,-14.92,13.49,62.04,80,20,5.17,AO,1603314487
457,Saint Cloud,45.56,-94.16,34.27,69,75,9.17,US,1603314293
458,Khovd,48.01,91.64,29.77,86,3,1.07,MN,1603314216
459,Moree,-29.47,149.85,62.6,88,90,10.29,AU,1603314490
460,Areia Branca,-4.96,-37.14,81.48,76,52,20.56,BR,1603314491
461,Tiznit Province,29.58,-9.5,65.21,73,99,4.23,MA,1603314494
462,Burgeo,47.62,-57.62,48.31,73,77,4.54,CA,1603314232
464,Agudos,-22.47,-48.99,80.01,58,11,1.01,BR,1603314319
465,Liverpool,53.41,-2.98,54.05,82,75,6.93,GB,1603314499
466,Baykit,61.67,96.37,38.03,88,100,6.82,RU,1603314500
467,Mareeba,-17.0,145.43,69.58,88,24,2.19,AU,1603314192
468,Płońsk,52.62,20.38,50.9,81,99,9.17,PL,1603314502
469,Meadow Lake,34.8,-106.54,81.05,8,20,5.82,US,1603314504
470,Santiago del Estero,-27.8,-64.26,81.64,43,3,10.11,AR,1603314505
471,Jamame,0.07,42.75,78.73,85,97,9.35,SO,1603314482
472,Capreol,46.71,-80.92,45.45,81,90,9.17,CA,1603314507
474,Tevaitoa,-16.78,-151.5,79.47,74,0,13.6,PF,1603314510
475,Santo Tomas,14.11,121.14,78.57,94,90,4.7,PH,1603314232
476,Kokstad,-30.55,29.42,53.02,87,18,3.62,ZA,1603314512
478,Singaraja,-8.11,115.09,79.59,69,35,3.71,ID,1603314515
479,Uvalde,29.37,-99.77,88.63,38,40,11.41,US,1603314516
480,Somerset East,-32.72,25.59,56.88,76,0,3.04,ZA,1603314517
481,Klaksvík,62.23,-6.59,37.4,86,54,1.12,FO,1603314158
482,São João da Barra,-21.64,-41.05,78.8,69,40,11.41,BR,1603314520
483,Igrim,63.19,64.42,25.95,97,97,6.6,RU,1603314521
484,Natchez,31.56,-91.4,85.12,51,75,8.05,US,1603314333
485,Labuhan,-6.88,112.21,79.43,82,94,6.49,ID,1603314523
486,Havelock,34.88,-76.9,76.91,73,100,8.23,US,1603314525
487,Praia,14.92,-23.51,81.03,76,49,14.05,CV,1603314526
488,San Miguel de Cozumel,20.51,-86.95,82.18,88,75,2.24,MX,1603314341
489,Metro,-5.11,105.31,76.32,86,99,4.18,ID,1603314528
490,Ambon City,-3.7,128.18,82.0,93,100,2.71,ID,1603314529
491,Los Llanos de Aridane,28.66,-17.92,65.12,68,20,6.93,ES,1603314110
492,Kupang,-10.17,123.58,77.4,81,50,4.16,ID,1603314146
493,Yulara,-25.24,130.99,73.4,49,76,8.05,AU,1603314103
494,Huai'an,33.59,119.02,53.98,59,0,8.03,CN,1603314534
495,Mersing,2.43,103.84,77.0,94,97,4.7,MY,1603314535
496,Tūkrah,32.53,20.58,66.09,49,3,2.84,LY,1603314537
497,Newala,-10.94,39.28,67.95,87,48,8.72,TZ,1603314538
498,Sitka,57.05,-135.33,39.2,38,1,4.7,US,1603313885
499,Ulaangom,49.98,92.07,26.44,93,9,2.98,MN,1603314540
500,Mīrābād,30.44,61.84,61.43,27,0,13.65,AF,1603314542
501,Calamar,10.25,-74.91,83.37,82,68,10.04,CO,1603314543
502,Carberry,49.87,-99.36,30.2,74,75,10.29,CA,1603314409
503,Belaya Gora,68.53,146.42,6.1,93,100,1.05,RU,1603314181
504,Nhulunbuy,-12.23,136.77,75.2,83,61,4.05,AU,1603314179
505,Entre Rios,-11.94,-38.08,74.39,78,3,6.71,BR,1603314548
506,Nong’an,44.38,125.17,32.0,83,0,6.71,CN,1603314549
507,Kampil,27.62,79.28,72.91,32,0,1.63,IN,1603314550
508,Sorong,-0.88,131.25,77.52,86,100,5.14,ID,1603314551
509,Abhā,18.22,42.51,64.4,17,0,10.29,SA,1603314438
510,Pangnirtung,66.15,-65.71,28.4,86,75,3.36,CA,1603314554
511,Steinbach am Taunus,50.17,8.57,56.08,81,48,4.7,DE,1603314555
512,Lokosovo,61.13,74.82,30.11,98,100,2.68,RU,1603314556
513,Ejea de los Caballeros,42.13,-1.14,64.4,59,100,3.36,ES,1603314558
514,Jiayuguan City,39.82,98.3,41.11,53,0,4.61,CN,1603314559
515,Amahai,-3.33,128.92,82.0,93,100,4.18,ID,1603314560
516,Pontevedra,42.43,-8.64,55.83,87,20,10.29,ES,1603314561
517,Ust-Tsilma,65.44,52.15,22.91,96,96,6.87,RU,1603314563
518,Havøysund,71.0,24.66,31.71,92,0,11.54,NO,1603314564
519,Lukulu,-14.37,23.24,73.0,39,0,5.26,ZM,1603314565
520,Chirongui,-12.93,45.15,77.0,83,38,6.93,YT,1603314566
521,Gazli,40.13,63.45,50.43,48,40,12.1,UZ,1603314568
522,Tazovsky,67.47,78.7,18.23,97,94,10.29,RU,1603314570
523,Karratha,-20.74,116.85,66.22,52,81,9.26,AU,1603314571
524,Zhigansk,66.77,123.37,14.38,96,99,2.98,RU,1603314156
525,Jizan,17.33,42.67,84.2,74,0,6.93,SA,1603314575
526,Bereda,43.27,-7.54,53.01,96,36,1.99,ES,1603314492
527,Sinnamary,5.38,-52.95,83.01,72,6,11.07,GF,1603314579
528,Topi,34.07,72.62,60.1,71,0,5.61,PK,1603314580
529,Riyadh,24.69,46.72,69.8,21,0,5.82,SA,1603314077
530,Tongren,27.72,109.19,54.91,78,31,1.86,CN,1603314583
531,Hofn,64.25,-15.21,36.03,77,66,6.91,IS,1603314078
532,Kyabram,-36.32,145.05,54.0,76,11,5.5,AU,1603314585
533,San Policarpo,12.18,125.51,79.41,85,100,8.01,PH,1603314587
534,Mahrīz,31.59,54.43,59.0,12,0,2.24,IR,1603314588
535,Mitú,1.2,-70.17,85.87,71,100,0.87,CO,1603314589
536,Philadelphia,39.95,-75.16,76.14,73,40,4.7,US,1603314092
537,General Roca,-39.03,-67.58,71.6,30,55,19.46,AR,1603314220
538,Abu Dhabi,24.47,54.37,78.8,78,0,2.24,AE,1603314322
539,Mongomo,1.63,11.31,66.15,92,87,2.06,GQ,1603314595
540,Asekeyevo,53.57,52.8,30.58,93,4,10.4,RU,1603314596
541,Bharūch,21.7,72.97,81.9,72,87,2.55,IN,1603314598
542,Anadyr,64.75,177.48,39.09,80,20,11.18,RU,1603314599
543,Limbang,4.75,115.0,77.0,94,75,3.36,MY,1603314600
544,Dudinka,69.41,86.18,12.2,85,40,13.42,RU,1603314602
545,Salinas,36.68,-121.66,74.7,47,1,10.29,US,1603314581
546,Hariāna,31.64,75.84,68.74,23,0,6.49,IN,1603314604
547,Maumere,-8.62,122.21,79.36,75,2,3.85,ID,1603314605
548,Tromsø,69.65,18.96,26.6,73,0,24.16,NO,1603314607
549,Llangefni,53.26,-4.31,52.79,81,87,14.99,GB,1603314608
550,Yashkul',46.17,45.34,47.68,52,100,1.52,RU,1603314609
551,Jertih,5.73,102.49,77.0,94,20,2.24,MY,1603314610
